model,r_vs_human_4class,n_classes_compared
deepseek-chat,0.8271261186434066,4
deepseek-reasoner,0.7830036472483591,4
gpt-3.5-turbo-instruct,0.26699721502802937,4
gpt-4.1,0.7792288981526967,4
gpt-4.1-mini,0.7598767624661406,4
gpt-4.1-nano,0.27266246726350757,4
gpt-4o,0.42687479243188586,4
gpt-4o-mini,0.8464213148322812,4
gpt-5,0.7942135440118665,4
gpt-5-mini,0.8112317428354098,4
gpt-5-nano,0.9399658778877809,4
o3-mini,0.6795138301118143,4
o4-mini,0.9146120968536452,4
