model,acc
deepseek-chat,0.25
deepseek-reasoner,0.3611111111111111
gpt-3.5-turbo-instruct,0.0
gpt-4.1,0.125
gpt-4.1-mini,0.1111111111111111
gpt-4.1-nano,0.09722222222222222
gpt-4o,0.013888888888888888
gpt-4o-mini,0.3333333333333333
gpt-5,0.7638888888888888
gpt-5-mini,0.7638888888888888
gpt-5-nano,0.3333333333333333
o3-mini,0.4444444444444444
o4-mini,0.3333333333333333
